tau,Beta,EIS
0.1,0.8235666966618619,-5.494168612088006
0.2,0.8145487559504722,-3.1305582474409976
0.30000000000000004,0.7607927380055797,-1.378248098549128
0.4,0.22878851115757623,-0.11755858706962022
0.5,0.9955947414109249,0.807882697499339
0.6,0.9026525781141043,1.7641983816607603
0.7000000000000001,0.882859793116458,3.0910235839520506
0.8,0.8665462543063549,4.551289158519103
0.9,0.8481560288787394,6.54802600082215
