tau,Beta,EIS
0.1,0.8922484814106886,-11.484019545798231
0.2,0.8581257591808796,-5.01597296854942
0.30000000000000004,0.6946565365766157,-1.2075671264290635
0.4,1.2574898661608436,0.8625934056689956
0.5,0.9962336504195757,2.068317008028798
0.6,0.9464279165132885,3.837152735833256
0.7000000000000001,0.9221904445787393,5.546465001047677
0.8,0.9148390417250918,8.627036144530493
0.9,0.8981661698848854,12.047511459177962
