tau,Beta,EIS
0.1,0.9525146504803121,-17.39884699593644
0.2,0.9609634518036518,-12.291359834252455
0.30000000000000004,0.9667730238221192,-8.367690354099627
0.4,0.9758017510731437,-5.1969242853228215
0.5,1.0048382389564112,-2.096394638228632
0.6,0.8097110690779096,0.6982563684348799
0.7000000000000001,0.933942850379014,4.41927845208984
0.8,0.9430646434052612,8.654581883305385
0.9,0.9359181943688927,13.024988338505901
