tau,Beta,EIS
0.1,0.7059911911281226,-5.23219553643098
0.2,0.7900132617183192,-4.1339017211345555
0.30000000000000004,0.8791209848066205,-3.7063727901420314
0.4,0.9345742055977049,-2.888064483538825
0.5,0.9988491337811223,46.747074312937585
0.6,1.2223425819815554,-0.9178146052303601
0.7000000000000001,1.8351729411498565,-0.6623493154879608
0.8,0.9060171663212521,7.122213723172757
0.9,0.1515912873901231,0.6072612647110762
