tau,Beta,EIS
0.1,2.0039058994304524,1.7885427353242178
0.2,1.0790191261111486,9.391082114320783
0.30000000000000004,1.0688176165961127,6.226038258246814
0.4,1.0333482654080974,5.740472276376002
0.5,1.0000237192251662,5.858773595195315
0.6,0.9565835653659746,4.153283321060495
0.7000000000000001,0.9347532807154,5.965718795508311
0.8,0.8859618478996082,5.768126884434953
0.9,0.7201698624119526,3.6912605721703295
