tau,Beta,EIS
0.1,1.2696990087361848,3.412983933688614
0.2,1.1440809568124481,3.494292994435169
0.30000000000000004,1.0810194317577515,3.503920672190884
0.4,1.0363897367964021,3.4333830659294344
0.5,0.9972592688416572,3.504349697560793
0.6,0.9574904215407474,3.2711266410905098
0.7000000000000001,0.9115561417867903,3.1482078405911467
0.8,0.8385736162184814,2.7895994480341955
0.9,0.566081678214277,1.472341829999772
