tau,Beta,EIS
0.1,1.0897416230100596,15.641220283532125
0.2,1.0434879529479648,18.992847997772376
0.30000000000000004,1.0065991732049766,185.11135839950762
0.4,1.0188251336114003,81.53296616471675
0.5,0.9985387181370126,-57.1288813076646
0.6,1.002317098419421,-129.45476296311776
0.7000000000000001,0.9087311899176275,173.54529761137354
0.8,0.8061700373494161,179.2346905096658
0.9,0.591362015490954,156.4610678803329
