tau,Beta,EIS
0.1,1.4518135225405995,3.378000866609382
0.2,1.6646435282789211,1.4159327615835176
0.30000000000000004,1.5176381666735699,1.0070580986584925
0.4,1.2681619974173808,0.8069936774233589
0.5,1.003478464948837,2.145815583779392
0.6,0.8818616390174491,1.420628492114844
0.7000000000000001,0.9626950480512282,10.468304415749545
0.8,0.8592481851452909,4.544157172391001
0.9,Inf,-1.3457532725762736e-4
