tau,Beta,EIS
0.1,1.0103589939819523e-7,-0.07186075022363105
0.2,23439286577846494e14,0.009587415915202098
0.30000000000000004,0.2725580999816231,-0.2959451162392898
0.4,0.3684997928196767,-0.1826845064588817
0.5,0.9724435529598925,-0.0592276477375761
0.6,0.03667934107890238,0.054086846821530275
0.7000000000000001,0.22713248362771477,0.26320577175783105
0.8,2.5991464606657758e-5,0.0633214270310988
0.9,0.10886040816659699,0.510341846026843
