tau,Beta,EIS
0.1,0.5407157759071813,-0.8915369445065657
0.2,0.3987088590703982,-0.3338728384795828
0.30000000000000004,0.5216225831984641,-0.2629374401875786
0.4,0.8030885598213843,-0.31775816079135705
0.5,1.0587980790924887,-0.34591709121727604
0.6,1.317195005952006,-0.40317149524155743
0.7000000000000001,1.4483841911020168,-0.5886601258654336
0.8,1.5071396228827334,-0.8886053460299649
0.9,1.4516242061305862,-1.674944369733612
