tau,Beta,EIS
0.1,1.0608739891167027,21.181222274786098
0.2,1.0556990957244377,10.292594042368082
0.30000000000000004,1.0478235786171322,6.298696676697939
0.4,0.9837889825147927,-260.47967801827946
0.5,0.9918534163597248,-65.78878223556623
0.6,0.9813632041725303,14.79900724353025
0.7000000000000001,0.9565091719461768,8.655114275435063
0.8,0.9176635957260916,6.707241426279075
0.9,0.8645466047762436,6.412901518402965
