tau,Beta,EIS
0.1,6.59587315530851,0.5670500332964714
0.2,8.108394445273825,0.3076049318125858
0.30000000000000004,10.315853306621843,0.16176010837260985
0.4,42.076106548553376,0.046372800092985056
0.5,1.0840212068148944,-0.04982237242907119
0.6,3.360160011950203,-0.1498392317726635
0.7000000000000001,3.823951917108685,-0.28831475626724856
0.8,4.385612949710884,-0.4425603271747835
0.9,5.908186005735658,-0.6090490340165979
