tau,Beta,EIS
0.1,35.67569303581732,0.1599970483837095
0.2,27.5661181183704,0.09754730034489442
0.30000000000000004,18.63007837570333,0.0622920296397362
0.4,3.7293718956499053,0.057897250552195474
0.5,0.46350152813534107,0.024256908360063487
0.6,6.874470602953864e-20,0.002612170420048635
0.7000000000000001,171.11059343862473,-0.04408526748853025
0.8,37.60532854012233,-0.10374953959534626
0.9,28.440952605036898,-0.19088776886705205
