tau,Beta,EIS
0.1,1.466975589859284,3.026638988089203
0.2,1.1575856536406257,4.619638162324993
0.30000000000000004,1.1115306978671904,3.666792003119304
0.4,1.037241003202883,5.069389578523553
0.5,1.0016189878083583,6.605010997556401
0.6,0.9572403252725699,3.95696108874656
0.7000000000000001,0.9173667248579134,4.4626507308743
0.8,0.8547495576819335,4.225007397639729
0.9,0.7292366233462808,3.5700536578136206
