tau,Beta,EIS
0.1,0.1052564142194577,-0.2554570634321955
0.2,0.24976146165451382,-0.2352117676444705
0.30000000000000004,0.41660193925240085,-0.21070939326809557
0.4,0.6208122929290617,-0.16375985400095375
0.5,1.121191222171737,-0.15168239677669487
0.6,2.6493993681342833,-0.11723770011847387
0.7000000000000001,9.261372346849715,-0.10164288862770919
0.8,1073445.4864924417,-0.027151366680465465
0.9,0.00306680640630009,0.11085825020956111
