tau,Beta,EIS
0.1,1.0882053650726546,14.836595465549228
0.2,1.0469390789639441,16.06427835295835
0.30000000000000004,1.0434878367598388,10.043199166642905
0.4,1.0286578171861733,6.979719480823638
0.5,1.0003121598163118,4.63624592447243
0.6,0.9307671179852666,2.6909846879244825
0.7000000000000001,46.12587871225162,-0.10948152848829966
0.8,1.239647536592405,-3.367160518016106
0.9,1.2059914023998666,-6.5724778747052195
