tau,Beta,EIS
0.1,0.96954622011518,-26.93009622384006
0.2,0.9727819528664464,-17.401633725117648
0.30000000000000004,0.9735744435667048,-10.353685904602596
0.4,0.9725693298551619,-4.489388979360138
0.5,0.9910964702542839,1.0711685400278708
0.6,0.977060602998039,6.215218592276709
0.7000000000000001,0.9752685638466767,11.881811957211937
0.8,0.9728264136744619,18.196153669885334
0.9,0.9676404079265071,25.992458324030515
