tau,Beta,EIS
0.1,0.9313657106920338,-12.114042741542558
0.2,0.9621706337446954,-12.832562506517217
0.30000000000000004,0.9791040785097308,-13.279711840499004
0.4,0.9926681209893725,-15.67335955585419
0.5,1.0017687968009665,-18.98201498982997
0.6,1.008030855324731,-22.92953457390773
0.7000000000000001,1.0138248017495801,-25.544301026808224
0.8,1.019185462889837,-30.142628602056455
0.9,1.0292760071449034,-32.62464663019753
