tau,Beta,EIS
0.1,0.8414496525526851,-5.231902543508595
0.2,0.8758530063290645,-3.9934902007581132
0.30000000000000004,0.9035854359484258,-3.0645778008173825
0.4,1.0094313296229946,12.857205654594138
0.5,0.9928484851725201,32.58857011184732
0.6,1.0090843811041004,-12.928404830386066
0.7000000000000001,0.884744845325887,2.4982350516705725
0.8,0.867313666527033,3.697718466600323
0.9,0.8308650392829138,4.848022407670365
