tau,Beta,EIS
0.1,0.9480893892736311,-15.979081786947845
0.2,0.9536392410602405,-10.45089121337546
0.30000000000000004,0.9527261043198311,-6.0062162420905185
0.4,0.9502776650229418,-2.679130928139888
0.5,1.0009723084640465,0.8594537273146582
0.6,0.9641264606300719,3.705081988405029
0.7000000000000001,0.9600723449606321,7.113379275127294
0.8,0.9565491416529284,11.154875785098788
0.9,0.9470116203123576,15.631225385452089
