tau,Beta,EIS
0.1,15.746896730208602,0.19904878973776657
0.2,29.379401474774966,0.09076353169222877
0.30000000000000004,35.342932125342145,0.04800727168541594
0.4,189.18311782909674,0.013387386903451056
0.5,1.7807881628964923,-0.03259739854909694
0.6,3.7830706751982266,-0.0821495156842408
0.7000000000000001,4.718796564335103,-0.13888978374533698
0.8,5.305017714519038,-0.21601440765690597
0.9,6.986168147147157,-0.31766563853331664
