tau,Beta,EIS
0.1,1.15456658765499,0.7416999303778676
0.2,1.1095739527380173,0.6179410149906988
0.30000000000000004,1.084071139790856,0.47306096093505473
0.4,1.07721774516793,0.24257972892269403
0.5,1.0022267253338724,0.10875189666881142
0.6,1.4376015904650903,-0.04831468569147567
0.7000000000000001,1.1994296636619846,-0.20735889428647755
0.8,1.189905105386452,-0.3669312664488316
0.9,1.2435169711812406,-0.48679783297810186
