tau,Beta,EIS
0.1,1.635688801128872,1.1684052217583858
0.2,1.2953317992169644,1.261134218730216
0.30000000000000004,1.1647604843272952,1.2140544416037564
0.4,1.0797557949994046,1.0283946346833852
0.5,0.9831247693417734,0.9618100803655284
0.6,0.8625395952816812,0.767526394096241
0.7000000000000001,0.7272783513374712,0.707887094748864
0.8,0.30503005286243445,0.31706047567068846
0.9,7.21128073354634,-0.32462220698926
