tau,Beta,EIS
0.1,1.057436703420182,23.986604475935167
0.2,0.7763760130955218,-1.9770312410449586
0.30000000000000004,1.8385044968980846,0.4654134550064298
0.4,0.9839479319945106,-263.27830095318797
0.5,0.9919866174268719,-61.90413380380015
0.6,1.0043982544296879,-23.683621891295612
0.7000000000000001,1.020833290435828,-17.494962452131567
0.8,0.9256415328069187,7.68366211763258
0.9,0.8791385062301704,7.392154904481435
