tau,Beta,Beta.SE,EIS,EIS.SE,EIS.Band
0.1,0.7871023244312721,1.3740082389507657,-5.359356289566434,0.009026198206682505,0.95
0.2,0.6142966900155057,15.201165500703866,-1.510418941933456,0.034001853789128206,0.05
0.30000000000000004,0.28418870094295073,67.99699752086744,-0.3350213270134049,0.05232773849624258,0.95
0.4,1.0892993570797427,3.1244771072879103,2.2372202272366657,0.07373632485653217,0.95
0.5,1.0001607749244887,16.872919395518817,1.7822886189051428,0.07575324431228739,0.05
0.6,0.9018568017003077,8.954548892498606,1.8180264352905242,0.03506427132901729,0.05
0.7000000000000001,0.8395256807197194,5.077667650970742,2.367036878219783,0.022424293102156913,0.05
0.8,0.8900746173889649,0.321331320587867,6.205827593635872,0.013284014108691376,0.95
0.9,0.8600384249851322,1.5774638203306883,8.289498577239412,0.01693896803041471,0.05
