tau,Beta,EIS
0.1,1.0676091522597035,17.85890514062821
0.2,1.367597354814456,1.630701248752387
0.30000000000000004,1.0660765803085375,7.276305687230192
0.4,0.9838964580287346,-270.5756412056976
0.5,0.9917565765357957,-71.15042740328816
0.6,0.9833722117418581,23.92470868972797
0.7000000000000001,1.0180531443167251,-21.760249051631092
0.8,0.9322445788963865,8.996144165924681
0.9,1.05221114480105,-33.76642021969944
