tau,Beta,EIS
0.1,1.1110392806606453,13.013102591135743
0.2,1.0774391359576283,10.887157643582771
0.30000000000000004,1.0538819643949664,8.997413841174087
0.4,1.0369431849996824,6.0779979349931414
0.5,1.0024829484031264,2.913936232826139
0.6,0.8884258239486366,1.71095629648952
0.7000000000000001,1.550460707883727,-1.023891386245271
0.8,1.2198420773717904,-3.915633343438051
0.9,1.1986109685759863,-7.2643197213142
