tau,Beta,EIS
0.1,0.5864506176194783,-1.4941449696767044
0.2,0.6882980370147338,-1.223128559322264
0.30000000000000004,0.747699663333263,-0.9058709777741825
0.4,0.8745849516258027,-0.846881310408624
0.5,1.023515648969174,-0.8072766708766138
0.6,1.2235455738997827,-0.7484801622881306
0.7000000000000001,1.4514783777499207,-0.8125856752268852
0.8,1.7404296340236858,-0.9122394067446826
0.9,2.6160319873980598,-0.8875304827925558
