tau,Beta,EIS
0.1,0.7886221859994872,-5.40307450022255
0.2,0.6077031293429094,-1.477493044854338
0.30000000000000004,0.293326605560238,-0.34367974728638806
0.4,1.0883608731506396,2.259034881348311
0.5,1.0001420009198325,1.8260206789593558
0.6,0.9083758048849934,1.954624700876262
0.7000000000000001,0.8400268539806999,2.3752327873035433
0.8,0.89019053744803,6.212854083873701
0.9,0.8608707396497818,8.343599773818166
