tau,Beta,EIS
0.1,1084.7900040233135,0.07857883965039722
0.2,263465.48431798344,0.02463066326230038
0.30000000000000004,247.95436086444082,0.03109584527702947
0.4,3.693732231283648,0.05356726074266023
0.5,0.751751853451841,0.06879329748122943
0.6,0.3043193589967369,0.09326598666760788
0.7000000000000001,0.1992580517209447,0.13507353077226872
0.8,0.16918524040504138,0.20521024588934703
0.9,0.17501914946704264,0.3579243366288709
