tau,Beta,EIS
0.1,22.590637109850906,0.3280899729891547
0.2,0,-5.468449704175961e-4
0.30000000000000004,1298.849632000134,0.04983610781897243
0.4,8.754139515894597e-4,-0.023463771278400377
0.5,0.8181149611830516,0.01240882451099275
0.6,23.111197432130215,-0.05714656130408686
0.7000000000000001,7.261905350328235e-4,0.05021229408320531
0.8,117856.91577244505,-0.051024400363230034
0.9,6.861093766133161,-0.5194384983770799
