tau,Beta,EIS
0.1,0.970247425804717,-26.043418845053186
0.2,0.973845511211654,-17.154437291643845
0.30000000000000004,0.974233997053524,-10.071967941601232
0.4,0.9733456968564741,-4.374954267939909
0.5,0.9906821330548372,1.0382663573762998
0.6,0.9778689802230035,6.144858379972977
0.7000000000000001,0.9758115036695142,11.556965568838557
0.8,0.9737257479670927,17.869395707671686
0.9,0.9687264456191472,25.439755520772096
