tau,Beta,EIS
0.1,1.0252641959657351,89.51832025646767
0.2,1.0162935884674626,69.6072948639079
0.30000000000000004,1.0082330174168297,74.39498775828925
0.4,1.0023828479221015,75.15637946794307
0.5,0.9974389092114633,43.66680521645585
0.6,0.9892239510707426,29.063346201481032
0.7000000000000001,0.9766973431482228,23.19086627800018
0.8,0.9639271061102185,24.311882268650592
0.9,0.939040692229267,22.670592511376736
