tau,Beta,EIS
0.1,0.82846719477465,-4.440239752981377
0.2,0.8109244296904169,-2.274442440106318
0.30000000000000004,0.6334340576458984,-0.5937142690876245
0.4,1.5886961242285473,0.26116859113896707
0.5,0.9901802871029325,1.3769333489975641
0.6,0.9674050299116874,5.134420741080606
0.7000000000000001,0.937547614679533,5.073944172258842
0.8,1.0461918312613367,-13.110173654188783
0.9,0.8462375556294405,5.206542207238997
