tau,Beta,EIS
0.1,1.08954569939364,15.67751355939262
0.2,1.0434239182864065,19.029987704902123
0.30000000000000004,1.006591629424427,186.27783543213798
0.4,0.9920729083111864,-39.98902839815965
0.5,0.998539839449235,-57.24934101076979
0.6,1.002321033291086,-129.38736200309438
0.7000000000000001,0.9050034906910845,166.31400918777553
0.8,0.7740710576343887,150.6707956976635
0.9,0.6503743029410085,199.11403420547896
