tau,Beta,EIS
0.1,0.8252261237570141,-5.554525186918705
0.2,0.8167865033930545,-3.1745771591167915
0.30000000000000004,0.7674055547102315,-1.4241096954492463
0.4,0.30273845333139904,-0.1452393048915585
0.5,0.9955289798776344,0.776911510835909
0.6,0.9013415667340517,1.739117906165039
0.7000000000000001,0.8819448677035949,3.0657610042504464
0.8,0.8660342122830902,4.533766318698323
0.9,0.8480464000499022,6.545557651330749
