tau,Beta,EIS
0.1,6.796991277189732,0.6273159360094119
0.2,0.9509680422199992,-13.438623037297754
0.30000000000000004,0.9751674141735596,-15.341741935908841
0.4,0.9702468332093909,-5.926007523199782
0.5,1.0004125066178255,-4.681129477398622
0.6,1.0432113597257198,-4.252413411906244
0.7000000000000001,1.069572054909511,-5.838100488791158
0.8,4.894974140561576e-4,0.0896324637131027
0.9,0.7310654282297856,3.72926705560393
