tau,Beta,EIS
0.1,1.0629925336882189,19.813238892172546
0.2,0.8145947994784837,-2.456273337535547
0.30000000000000004,1.0336706205941262,9.230206301892231
0.4,1.0016893419321165,33.657998480835715
0.5,0.9947204262875448,6.883421493224679
0.6,0.9667208108316385,5.237943384153567
0.7000000000000001,0.9372749849169152,5.305523295005743
0.8,0.8966758781239409,5.082939560963645
0.9,0.8458562705979958,5.490864370298945
