tau,Beta,EIS
0.1,0.8402834647274844,-0.6426074679165351
0.2,0.8691899278926708,-0.47866706334237796
0.30000000000000004,0.8900628579824748,-0.34036946858466566
0.4,0.9056213349892216,-0.1867492618414608
0.5,0.9952646279951339,-0.07985431526564143
0.6,0.12570286132091332,0.008453129943582901
0.7000000000000001,0.7605924482605938,0.13922568411066807
0.8,1.046522698910662,-1.6512735672617276
0.9,1.0612625088091363,-2.5571669849574
