tau,Beta,EIS
0.1,0.9512108388949323,-16.83356370363019
0.2,0.9609415647162831,-12.208437884509198
0.30000000000000004,0.9676751896051486,-8.53717379585796
0.4,0.9780981982680632,-5.656133049795946
0.5,1.0042898888399434,-2.788365283912743
0.6,7.925599565725022e-21,0.003214339705139211
0.7000000000000001,0.9151598695493525,3.4252089119060614
0.8,0.9292695667910642,6.943915599522765
0.9,0.920019022984513,10.375409403470293
