tau,Beta,EIS
0.1,0.9702511315538157,-26.052722829982823
0.2,0.9738722592333063,-17.1770293732745
0.30000000000000004,0.9742987972456038,-10.101479562348185
0.4,0.9734695910964535,-4.3985176227193445
0.5,0.99049964934256,1.010900932134271
0.6,0.9776805334697107,6.09258658295306
0.7000000000000001,0.9758602223615619,11.580576674163433
0.8,0.9736896825358442,17.84702174987703
0.9,0.9687439927797756,25.457590154559103
