tau,Beta,EIS
0.1,0.9153154275519512,-6.105795991166189
0.2,0.9035858929200317,-2.9787331519635236
0.30000000000000004,0.902103410100031,-1.632962330146971
0.4,0.8218986663700898,-0.3545444098989639
0.5,0.9832972047397882,1.0041321843881772
0.6,0.956318441541678,2.352354577811789
0.7000000000000001,0.9488175894485351,3.9672029967183287
0.8,0.9416411769742514,5.821510699737758
0.9,1.01325316376878,-84.00864634606465
