tau,Beta,EIS
0.1,0.8823682996284782,-9.624327588970786
0.2,0.8493392677574695,-4.176757191835695
0.30000000000000004,0.896158577176588,-3.5805844325414813
0.4,0.8751903078598312,-1.3527883852753269
0.5,1.0001439722319823,-1.3088208013826652
0.6,1.3289558632724956,-0.6354284017943447
0.7000000000000001,1.1801170089662933,-2.3708230556204835
0.8,1.2884261925381486,-2.68661801268945
0.9,1.6610251375743499,-2.3066245177725406
