tau,Beta,EIS
0.1,1.6600093069515016,0.46435516270203503
0.2,1.4419069623557015,0.3861129916091842
0.30000000000000004,1.4043993552475034,0.24446157465408275
0.4,1.7373595022711559,0.06834720413057349
0.5,0.9935874925849337,-0.10812905656991792
0.6,1.2946772967952351,-0.1400101214408665
0.7000000000000001,1.2859318014977774,-0.32243666442569485
0.8,1.3257477406847917,-0.49315389386683706
0.9,1.4624094931052065,-0.610908795785785
