tau,Beta,EIS
0.1,18.16147002840189,0.07884965280431698
0.2,32.7137898329439,0.0395554696206824
0.30000000000000004,59.766870000749734,0.019815170640492208
0.4,27.278590320140403,0.011116761088657445
0.5,1.0809043768799045,0.004550295838387524
0.6,1121.9271031921116,-0.005113265843063114
0.7000000000000001,52.319816239214475,-0.020200867417020367
0.8,58.486451366376066,-0.033602035332863184
0.9,31.527667685927266,-0.06579113279255452
