tau,Beta,EIS
0.1,0.947312106004225,-16.10566506368202
0.2,0.9584998212299728,-11.955981297903646
0.30000000000000004,0.9676032486648216,-8.92649623897018
0.4,0.9809608136443344,-6.8645756196086944
0.5,1.0024087171459886,-4.997785525195447
0.6,1.053191647817119,-3.001067745741489
0.7000000000000001,2.018057118305349,-0.4513612025966483
0.8,0.8055402745806846,2.4469804706908076
0.9,0.87664383768746,6.785739131907866
