tau,Beta,EIS
0.1,4.415281038814907,0.8535182947341743
0.2,1.9587837282838896,1.1096703727761068
0.30000000000000004,1.2374081570641826,2.0277505605250723
0.4,1.0732007240452057,2.8170708644278113
0.5,1.0003435333318254,2.9517687828410564
0.6,0.942195645240192,3.290205416439577
0.7000000000000001,0.8908631736064,3.680738462733479
0.8,0.8654708791184796,5.070981688157066
0.9,0.8116221639589671,5.963663120077585
