tau,Beta,EIS
0.1,0.8285552467410254,-4.444167525421422
0.2,0.8114422026929728,-2.2826564748238716
0.30000000000000004,1.0336879046533978,8.733057652881426
0.4,1.688165165813237,0.23119246106955652
0.5,0.9902063842567976,1.3696168232014025
0.6,0.9674594499156252,5.144295276037474
0.7000000000000001,0.9377937813958502,5.098369724054848
0.8,0.8979070532710469,4.893957901584204
0.9,0.8466280650642998,5.222987761425583
