tau,Beta,EIS
0.1,1.0653788357310758,18.965889074327684
0.2,1.0554558981273314,10.756896938252838
0.30000000000000004,1.0428099449798258,7.407154160722215
0.4,1.0341945337765888,3.8886752739044557
0.5,0.9935802160145494,21.674853874481805
0.6,0.9805672908822393,13.180402032143647
0.7000000000000001,1.0210461811281388,-17.851076314157734
0.8,0.9127788749339609,6.4607469558533595
0.9,1.0641126063842394,-20.679096318613123
