tau,Beta,EIS
0.1,1.5186795516992466e-4,-0.0869842392246182
0.2,223645.87240416638,0.03596992525886275
0.30000000000000004,0.04044885831843028,-0.08069837610051252
0.4,0.7590449794096563,-0.4292304805252547
0.5,1.0069103682000342,-0.8729445997617385
0.6,1.1000163422078166,-1.384255502439326
0.7000000000000001,1.162574449245222,-1.8188177059462771
0.8,1.2366296917698374,-2.1726009634152375
0.9,1.429689489212345,-2.205847936736409
