tau,Beta,EIS
0.1,0.47422728683633136,-0.9566372105475436
0.2,0.7634908764585283,-1.1091261114866624
0.30000000000000004,0.8554529181592384,-0.8538445151912136
0.4,1.0028621716617836,19.045496893238784
0.5,0.9914170642513435,-0.08090104266937702
0.6,0.973051736457632,1.3975619668876191
0.7000000000000001,0.8189063278939137,0.48246971332927385
0.8,0.6679976642600824,0.5784327402422295
0.9,0.5205089580811789,0.7598596141537385
