tau,Beta,EIS
0.1,1.1472647523715824,7.325511578590616
0.2,1.2344175196942804,2.8265425126422494
0.30000000000000004,1.1989445643474894,1.9623251256917125
0.4,1.0500931950759305,3.2571147394071307
0.5,0.9968455138836019,2.0498134945542787
0.6,0.9467447582551373,3.298938612320263
0.7000000000000001,0.8912376386435066,3.1590765149487674
0.8,0.876100275718333,4.510549476165728
0.9,0.8875668824437163,8.324143973681965
