tau,Beta,EIS
0.1,0.9607540840441777,-21.562705603844286
0.2,0.9637405081816542,-13.59952619268692
0.30000000000000004,0.9642002186452961,-8.015044350168237
0.4,0.9629799914395051,-3.519763132179825
0.5,0.9761306919977296,0.36938468809477476
0.6,0.9661883548218887,4.375884079550999
0.7000000000000001,0.965167588295009,8.756209806130824
0.8,0.9621761972450141,13.526772509756478
0.9,0.9577747747546757,20.49985498157955
