tau,Beta,EIS
0.1,0.8881382338773844,-4.759700537519722
0.2,0.8643664929694118,-2.1959659505140965
0.30000000000000004,0.8305605299650352,-0.9726827159392779
0.4,0.6744196137392341,-0.1936197263985946
0.5,0.980837993653048,0.8596562085670325
0.6,0.9377660534792469,1.735567985414529
0.7000000000000001,0.9324980267305889,3.154790678498761
0.8,0.9242608107399446,4.664620894907531
0.9,0.9177033043969351,7.280961757593031
