tau,Beta,EIS
0.1,0.8913632576996943,-11.492958127950361
0.2,0.854058729799298,-4.944716653135973
0.30000000000000004,0.6803004241140976,-1.174683871295638
0.4,1.2568696512132955,0.9192389825888343
0.5,1.0020234401966464,2.2118056625753395
0.6,0.9500959690864215,3.882448061000723
0.7000000000000001,0.9248011016711177,5.588135331911538
0.8,0.9161590476824379,8.62697172678252
0.9,0.9000456876836089,12.16850877470259
