tau,Beta,EIS
0.1,7.75730258718367,0.5381496423500004
0.2,15.379039949264016,0.23360799849217184
0.30000000000000004,8.328019147592284e-4,-0.05250477267147658
0.4,4.0646181453125225e-8,-0.010251469145509347
0.5,1.7617591966383257,-0.0017832039819012098
0.6,418099241.9695511,-0.008952307318840393
0.7000000000000001,4.103057297798805e-4,0.04815776609628132
0.8,119.77313784021969,-0.13441530169128782
0.9,18.378537049248127,-0.37087602444902107
