tau,Beta,EIS
0.1,1.4052511844801712,2.522727816321855
0.2,1.2970920008673117,1.9033680919840061
0.30000000000000004,1.1702254986819018,1.7921628939151122
0.4,1.0728192470657234,1.7079587904020432
0.5,0.9855511740113576,1.658128547762702
0.6,0.9038857654803762,1.6635817969649112
0.7000000000000001,0.8187199964103481,1.6530551046997102
0.8,0.722824859900939,1.6777022561753667
0.9,1.100213911575355,-9.692030124454687
