tau,Beta,EIS
0.1,2.5673386662412345,1.089792152504824
0.2,1.5004849741314066,1.4602664216509527
0.30000000000000004,1.2638848863952958,1.5164766238240723
0.4,1.1461102355680273,1.1929972340854598
0.5,0.9762342486015385,0.32680340265659985
0.6,17.935593710304904,-0.05989992277829336
0.7000000000000001,2.8437404487253106,-0.3374633261086869
0.8,2.063099634289479,-0.8373907742369882
0.9,2.4940784505808073,-1.1109726428477953
