tau,Beta,EIS
0.1,0.7936200652833897,-5.707004611642582
0.2,1.0582639930621958,13.4832706587945
0.30000000000000004,1.2336499556603204,2.0650831624336523
0.4,1.1054594877210446,1.9444776629908886
0.5,1.0003380329496983,-8.929576945501333
0.6,1.0249739541491645,-7.881891356704493
0.7000000000000001,1.0221073762276125,-19.706655821881988
0.8,1.0293263834359512,-26.058257958020096
0.9,1.0520140423313042,-25.49724765217221
