tau,Beta,EIS
0.1,3.4780466518994233,0.8830423348300602
0.2,1.278981942737141,2.603179180866166
0.30000000000000004,1.2270328859603699,1.824732777505035
0.4,1.0568565727500585,3.178360074725516
0.5,1.000605859747435,2.6326701730685738
0.6,0.9339336255673969,2.558603280574077
0.7000000000000001,0.8756240082081339,2.808763103109533
0.8,0.8891307852878929,5.462416999632124
0.9,0.8654992847904156,7.426078206860581
