tau,Beta,EIS
0.1,1.4664197852927812,0.6117689820960757
0.2,1.2953403431511739,0.5415836944527275
0.30000000000000004,1.222688758837345,0.4071538423938171
0.4,1.1728072590270309,0.22954861551632302
0.5,0.9903475054577626,0.05085741494173498
0.6,0.14943875164312198,0.01963548241947909
0.7000000000000001,1.729550964966096,-0.1501362558123184
0.8,1.5270540871058829,-0.33119284044551006
0.9,1.6888913556371916,-0.445246975264792
