tau,Beta,EIS
0.1,1.1015038165452742,10.763294361606015
0.2,1.112717516612965,5.659921012485852
0.30000000000000004,1.145169207697928,2.63951603293124
0.4,1.040264719499587,4.311191643674031
0.5,0.9833244687838837,0.23720264528550025
0.6,1.100442461166899,-1.8501907699136138
0.7000000000000001,1.2322107336761874,-1.6970027939922083
0.8,0.6291909458144369,1.319136556182851
0.9,0.22969772190816112,0.6968049403431572
