tau,Beta,EIS
0.1,6.058871882991202,0.12698022279581173
0.2,21.15724397473138,0.04523326236844307
0.30000000000000004,44.77664388227637,0.021331109287214805
0.4,0.049624833815035886,-0.012238590504376265
0.5,0.9965195655080042,-0.08853077421965336
0.6,1.3801323234092997,-0.11168676641973299
0.7000000000000001,1.7087134677499283,-0.14943074316423288
0.8,1.952747961989777,-0.2045517527237888
0.9,2.701250992543604,-0.22869161337938776
