tau,Beta,EIS
0.1,1.1277513762583378,6.374103149358433
0.2,1.0593070456334828,7.741502173704327
0.30000000000000004,1.0299812679171163,8.878568637997647
0.4,1.0122443506420544,9.984347396995297
0.5,0.9996441119815197,10.842033641490964
0.6,0.9892485134334376,12.077528146814872
0.7000000000000001,0.9788460941937742,12.770774588582839
0.8,0.9664042689549271,13.471379785010287
0.9,0.9433705356469476,13.505490622491028
