tau,Beta,EIS
0.1,6.680402199878878,0.5635390391503711
0.2,8.202748043969805,0.3060961651874364
0.30000000000000004,10.816195576746315,0.15865596971345283
0.4,55.981185087199265,0.043122942805640656
0.5,1.0754896735540498,-0.05367648238043607
0.6,3.231616504370323,-0.15477624337097648
0.7000000000000001,3.7350309197260065,-0.29348900958839974
0.8,4.282321608180358,-0.4499427568816452
0.9,5.729945244752406,-0.6199691532540776
