tau,Beta,EIS
0.1,0.9654591949982511,-33.44451032957687
0.2,0.9650259547436076,-19.845066591877206
0.30000000000000004,0.9621765777456254,-10.724312509603333
0.4,0.9622719638129865,-5.010783532725659
0.5,0.995583103581534,-0.8521597980481236
0.6,0.9495905237563912,3.5553933648309592
0.7000000000000001,0.95815804910758,9.378027880502025
0.8,0.9584512804795461,16.169525877942096
0.9,0.9561253996821626,25.43423994130403
